unit,F,role,approach,label,n,n_nonCN,via_context,via_cpc,y2016_19,y2020_23,v1_tags
F01_E1,F01,base,A,사건 정합·중복 통합(기반),8,6,7,5,3,3,F01_E1:3;F05_E1:2;F01_E2:1
F01_E1C,F01,core,A,확률적 사건 정합(확신도·비대칭 오류 비용) — 도전,0,0,0,0,0,0,
F01_E2,F01,base,B,정보의 출처·시각 이력 관리(기반),30,17,23,14,3,9,F01_E2:30;F05_E1:3;F02_E4:2
F01_E2C,F01,core,B,지연 도착 정보의 재정합과 판단 변경 이력(이중 시간축) — 도전,1,0,1,0,0,0,F02_E4:1
F01_E3,F01,core,C,관측 품질 점수화와 품질 가중 융합 — 도전,13,0,11,6,0,3,F06_E4:8;F05_E4:5;F05_E2:2
F01_E4,F01,base,X,기관별 조치 인계·상태 추적(기반),5,2,3,4,0,3,F01_E4:5;F05_E3:1;F05_E1:1
F01_E5,F01,base,X,"단절 허용 전송(시험 조건, 기반)",361,232,76,324,87,79,F01_E3:361;F02_E4:7;F06_E2:6
F02_E1,F02,base,A,경보 버전관리·유효성 갱신(기반),1011,433,809,409,274,268,F02_E4:990;F05_E4:63;F06_E4:27
F02_E1C,F02,core,A,경보·대피경로·이동지원의 버전 동기화 — 도전,8,1,8,2,1,1,F02_E1:3;F02_E3:3;F05_E4:3
F02_E2,F02,base,X,동적 대피경로 재계산(기반),663,253,575,335,129,235,F02_E1:663;F05_E4:84;F02_E2:9
F02_E3,F02,base,B,접근성·다국어 경보 변환(기반),693,284,523,291,148,241,F02_E3:691;F02_E4:28;F02_E2:25
F02_E3C,F02,core,B,승인 의미 보존형 대상별 안내(핵심 요소 일치 검사) — 도전,0,0,0,0,0,0,
F02_E4,F02,base,C,이동지원 인력·차량 배정(기반),287,242,246,91,68,94,F02_E2:287;F02_E3:27;F02_E1:8
F02_E5,F02,core,C,도달·이해·이동 단계형 상태 추적 — 도전,6,6,5,1,2,0,F05_E4:4;F02_E1:1;F02_E2:1
F03_E1,F03,base,X,실내·비가시선 측위(기반),221,52,209,88,46,77,F03_E1:221;F03_E3:28;F03_E2:24
F03_E2,F03,base,A,비접촉 생체신호·생존자 탐지(기반),2025,845,804,1288,501,742,F03_E2:2025;F03_E3:56;F05_E4:25
F03_E3,F03,base,A,"다중 센서 인명 탐색(드론·로봇·열영상, 기반)",1829,179,1709,442,514,718,F03_E3:1829;F03_E2:56;F03_E1:28
F03_E3C,F03,core,A,다중 센서 생존 확률지도(미탐색 구역 확률 유지) — 도전,1,1,0,1,0,0,F03_E2:1
F03_E4,F03,core,B,위험 인지 탐색·진입 계획(구조위험 × 탐색 가치) — 도전,4,1,4,1,0,1,F03_E4:2;F05_E2:2;F02_E1:1
F03_E5,F03,base,C,구조대원 위치·상태 연동 경고(기반),30,12,30,5,11,9,F03_E2:17;F03_E1:4;F02_E3:2
F04_E1,F04,base,X,피해·수요 확인(기반),346,82,337,104,54,111,F04_E1:346;F05_E4:53;F05_E2:11
F04_E1C,F04,core,A,확인 상태별 수요 표현(미조사·추정 수요 반영) — 도전,0,0,0,0,0,0,
F04_E2,F04,base,B,결핍비용·형평성 고려 배분(기반),820,109,109,761,136,310,F04_E2:820;F05_E4:8;F04_E4:4
F04_E3,F04,base,X,임시주거·대피시설 배정(기반),152,30,127,39,43,52,F04_E3:152;F05_E4:7;F04_E2:3
F04_E4,F04,base,B,동적 재배분(기반),7,3,6,5,2,2,F04_E4:5;F04_E2:2;F04_E3:2
F04_E4C,F04,core,C,약속 변경 제약 재배분과 변경 설명 — 도전,3,1,3,1,1,0,F05_E4:2;F05_E1:1;F06_E3:1
F06_E1,F06,base,A,"잠재위험 신호 식별(약한 신호·사고 기록 마이닝, 기반)",11,0,8,5,0,3,F05_E1:2;F05_E4:2;F06_E4:2
F06_E1C,F06,core,A,근거 추적형 취약 의존관계 가설 도출 — 도전,78,3,38,64,0,13,F06_E2:55;F05_E4:16;F06_E4:12
F06_E2,F06,base,B,기반시설 상호의존 모델링(기반),177,64,131,70,43,45,F06_E1:173;F05_E4:10;F06_E2:10
F06_E3,F06,base,B,연쇄 서비스 중단·확률적 영향 예측(기반),895,110,412,678,129,300,F06_E2:868;F05_E4:65;F06_E3:41
F06_E3C,F06,core,B,의존 구조 불확실성을 포함한 앙상블 전파 예측 — 도전,3,1,2,2,2,0,F06_E2:3;F05_E4:1;F06_E3:1
F06_E4,F06,base,C,"결손 관측 하 상태 갱신(데이터 동화, 기반)",1151,75,163,1049,111,422,F06_E4:1147;F05_E4:51;F06_E2:24
F06_E4C,F06,core,C,예측 민감도 기반 관측 우선순위 — 도전,4,1,4,2,1,2,F05_E4:3;F06_E2:1;F06_E3:1
F06_E5,F06,base,X,복구 순서·우선순위 비교(기반),1756,411,1144,763,287,626,F06_E5:1756;F05_E4:58;F05_E2:56
