unit,F,label,n_fam,n_fam_kr,n_pub,fam_hit_context,fam_hit_cpc
F01_ALL,F01,정보 품질과 통신 상태를 함께 반영하는 공동 재난상황 인지,631,115,,,
F01_E1,F01,사건 정합화(다기관 보고·신고의 동일 사건 식별·중복 통합),54,10,70,40,30
F01_E2,F01,정보의 시간·출처 관리(유효시점·지연·오래된 정보·상충 탐지),45,17,68,34,28
F01_E3,F01,단절 허용 전송(통신 불안정 시 필수정보 우선 전달),460,70,991,78,431
F01_E4,F01,다기관 조치 인계·조치상태 추적,72,18,107,16,67
F02_ALL,F02,위험 변화와 접근성 조건을 반영하는 경보·대피계획 동시 갱신,3785,793,,,
F02_E1,F02,동적 대피경로(통제·위험 변화에 따른 경로 재계산),710,164,945,577,449
F02_E2,F02,이동지원·제한자원 배분(취약계층 대피 지원 인력·차량 배정),292,152,412,247,102
F02_E3,F02,접근성·다국어 의미 보존 경보,1426,197,1716,756,874
F02_E4,F02,경보 버전관리·유효성 갱신(철회·변경·수신·이해 확인),1439,322,2163,1009,740
F03_ALL,F03,붕괴·저시정 현장의 안전한 접근과 인명 탐색을 결합하는 의사결정 지원,4977,709,,,
F03_E1,F03,실내·비가시선 측위(구조대원·요구조자 위치추정),227,30,322,209,120
F03_E2,F03,비접촉 생체신호·생존자 탐지,2346,494,3513,801,1665
F03_E3,F03,멀티모달 탐색(드론·로봇·열영상·음향 결합 수색),1906,120,2416,1710,698
F03_E4,F03,구조위험 정보 결합(붕괴 위험·접근 가능 통로 판단),162,70,207,158,32
F03_E5,F03,불확실성 기반 수색계획(탐색 우선구역·미관측 구역),483,14,654,481,5
F04_ALL,F04,피해·생활수요의 변화를 반영하는 회복지원 배분 의사결정 지원,1634,74,,,
F04_E1,F04,피해·수요 확인(피해조사 상태·생활수요 평가),346,25,444,337,127
F04_E2,F04,구호물자·지원 배분 최적화(결핍비용·형평성),1019,34,1324,109,974
F04_E3,F04,임시주거·대피시설 배정,154,15,184,128,48
F04_E4,F04,변화 반영 동적 자원 재배분,126,2,166,35,104
F05_ALL,F05,다기관 대응기록을 재현하여 훈련과 절차 개선에 연결하는 분석,13955,1717,,,
F05_E1,F05,이질 기록 정렬(기관별 로그·시간차·누락 보정),2161,679,2890,1549,881
F05_E2,F05,사건 재현·리플레이(당시 정보가용성 복원),1880,427,2471,1759,312
F05_E3,F05,대응 프로세스 마이닝·병목 분석,323,41,428,307,82
F05_E4,F05,훈련 시뮬레이션·재훈련(결손 조건 주입·개선안 비교),10064,650,13608,9884,2356
F06_ALL,F06,기반시설 상호의존성과 불확실성을 반영하는 복합재난 영향 예측,8066,529,,,
F06_E1,F06,기반시설 상호의존성 모델링,183,20,256,104,90
F06_E2,F06,연쇄 서비스 중단 시뮬레이션,2423,228,3374,749,1841
F06_E3,F06,확률적·불확실성 영향 예측(베이지안 등),495,21,672,387,328
F06_E4,F06,관측 결손 처리·온라인 갱신(데이터 동화),3231,148,4270,707,2677
F06_E5,F06,복구 순서·우선순위 최적화,1953,120,2486,1156,989
