earliest_filing_year,F01,F02,F03,F04,F05,F06
2006,17,56,30,7,113,25
2007,19,64,35,13,104,44
2008,22,69,61,16,137,38
2009,18,73,45,9,155,45
2010,12,67,58,11,158,46
2011,18,85,64,9,198,50
2012,12,99,91,16,216,84
2013,26,88,117,19,279,118
2014,28,120,130,29,323,137
2015,34,153,166,28,345,141
2016,37,160,251,30,462,178
2017,30,181,271,42,572,205
2018,36,225,339,94,644,271
2019,30,253,340,94,748,347
2020,33,354,412,91,827,411
2021,40,336,489,114,1023,564
2022,36,357,422,140,1229,739
2023,41,273,502,174,1497,853
2024,40,329,523,268,2049,1275
2025,102,443,631,430,2876,2495
