publication_number,application_number,country_code,kind_code,family_id,filing_date,priority_date,publication_date,grant_date,title_en,title_ko,abstract_en,abstract_ko,claims_en,cpc_codes,ipc_codes,assignees,assignee_countries,hit_context,hit_cpc
KR-20150115405-A,KR-20140040408-A,KR,A,54240769,20140404,20140404,20151014,0,Individual protection service system and method,개인 보호 서비스 시스템 및 방법,"The present invention relates to an individual safety guard service system and method, wherein the system comprises: a user terminal for requesting an individual safety guard service by transmitting basic user information and a situation setting message, GPS position information on the terminal and time information, dangerous situation information, and a social safety network code, when an emergency situation occurs; an individual safety guard service server connected to the user terminal through a mobile communications network to provide an individual safety guard service; and a terminal of an institution connected to the individual safety guard service server to be connected to a social safety network. The user terminal uses one terminal from among a smart mobile device, a compact portable device, and a wearable device. When an emergency situation occurs, a user who encounters danger or a disaster presses an emergency button on a terminal to immediately request to the individual safety guard service server, so the emergency situation is transmitted to the terminal of a guardian or an institute linked to the social safety network to quickly respond within a short period of time. Accordingly, the position of the user terminal requesting rescue is tracked, so safety personnel can be immediately dispatched to provide safety.","본 발명은 개인 보호 서비스 시스템 및 방법에 관한 것으로, 긴급 상황 발생시, 사용자 기본정보와 상황설정 메시지, 단말기의 GPS 위치 정보와 시각 정보, 위험 상황 정보, 및 사회안전망 코드를 전송하여 개인 보호 서비스를 요청하는 사용자 단말기; 상기 사용자 단말기와 이동통신망을 통해 접속되어 개인 보호 서비스(Individual Safety Guard service)를 제공하는 개인 보호 서비스 서버; 및 상기 개인 보호 서비스 서버와 연결되어 사회 안전망에 연결된 기관의 단말기;를 포함하고, 상기 사용자 단말기는 스마트 모바일 기기, 소형 휴대용 기기, 또는 웨어러블 기기 중 어느 하나의 단말기를 사용한다.  
긴급 상황 발생시, 위험이나 재난에 처한 사용자는 단말기의 긴급 버튼을 눌러 개인 보호 서비스 서버로 즉시 요청하여 빠른 시간 내에 신속하게 대응하도록 보호자나 사회안전망과 연동된 기관의 단말기로 위급 상황을 전송하여 구조를 요청한 사용자 단말기의 위치가 추적되며 안전 요원이 즉시 출동하여 안전 조치를 제공받는다.",,G08B25/016;H04W4/90;G08B25/008;G08B25/12;H04L67/125;H04N7/18;H04L67/12;H04L67/04;H04N7/188;H04L69/28;H04L67/535;G08B25/10;H04W4/00;G08B21/02,G08B25/10;G08B21/02;H04W4/90,KIM MYUNG HWAN,KR,True,True
CN-110933646-A,CN-201911123138-A,CN,A,69853150,20191116,20191116,20200327,0,Time delay performance analysis method for continuous backoff freezing in vehicle-mounted communication,,"The invention provides a time delay performance analysis method for continuous backoff freezing in vehicle-mounted communication, wherein the continuous backoff freezing condition is considered in a data packet time delay calculation method. In the technique of the invention, firstly, a Markov backoff process is converted into a linear system in a Z domain, priority classification is carried out on emergency information and conventional information, MAC layer service process modeling is carried out on two queues by utilizing a probability mother function of backoff time and a probability mother function of transmission time, then a continuous backoff freezing Z domain model is established by adopting a Meisen formula, a backoff counter is calculated to reduce a required average time, and finally a performance parameter is calculated based on an iteration method: the latency of the data packet.",,,H04W74/0833;H04W4/48;H04W74/085,H04W74/08;H04W4/48,UNIV JIANGNAN,,True,False
JP-2008176355-A,JP-2007006591-A,JP,A,39703355,20070116,20070116,20080731,0,Information sharing system in case of disaster,,"&lt;P&gt;PROBLEM TO BE SOLVED: To reduce information transmission error when information sharing is required.  &lt;P&gt;SOLUTION: This information sharing system is provided with a disaster information sharing server having a function for receiving FAX, and transferring FAX information to the receiver; a function for storing a received document as a drawing of a bit map form; and a function for retrieving the received document on the basis of a sender organization name, a receiver organization name, and reception time or the like, and the disaster information sharing server is connected to a FAX installed in each of the rooms of an office, a branch or local generalized station, and information transmitted/received when disaster occurs can be browsed and retrieved from terminal equipment connected to the Intranet.  &lt;P&gt;COPYRIGHT: (C)2008,JPO&amp;INPIT",,,,G08B25/00;G08B25/04,NTT ADVANCED TECH KK,,True,True
US-2022116761-A1,US-202117556605-A,US,A1,69407158,20211220,20180322,20220414,0,Situational awareness systems and methods,,"Systems and methods for computer-aided, session-based operational and organizational responses to asynchronously occurring events. A “session” is a collection of client-server connections, each client connection being an endpoint device in a pool of devices under the control of the members of a defined operational response team cooperating to address an event. The session provides an organizational framework for information sharing, including using context roles to identify the proper recipients for data and messages. The information and data is shared to participating recipients in the session in real-time as the operational response is conducted, and as new data and information is generated, that data is added to the session with a timestamp. Once the response is concluded, the sessions can be closed, encapsulating the data, which can then be “played” back to re-experience the response as it played out, such as for audit, analysis, and review purposes.",,,H04W4/023;H04L67/53;H04L67/52;H04L67/55;H04W4/029;G06Q10/06311;H04L67/306;H04L67/143;H04L67/146;H04W4/90;H04W4/024;H04L67/12;H04W4/38;H04W4/025;H04L67/141;H04L67/26;H04L67/18;H04L67/20,H04L67/306;H04L67/12;H04W4/90;H04W4/02;H04L67/53;H04W4/024;H04L67/52;H04L67/55;H04W4/029,COOLFIRE SOLUTIONS INC,US,False,True
CN-117455024-A,CN-202310410442-A,CN,A,89591618,20230417,20230417,20240126,0,Flood disaster information management method and system,,"The invention discloses a flood disaster information management method and system, wherein the method comprises the steps of constructing a database unit, a block chain unit and a data application unit; collecting flood disaster information of a flood disaster information monitoring site in real time through a database unit and uploading the flood disaster information to the database; automatically uploading flood disaster information to a blockchain through each network node; updating flood disaster information to blocks of all network nodes through a block chain unit according to a DPOS consensus algorithm and a time stamp; according to qualification of the data demand party, opening data operation authority of flood disaster information; the data operation authority comprises at least one of data query authority, data downloading authority and real-time sharing authority; providing a data operation function of water disaster information for the authority user through the data application unit; the method is beneficial to safely and reliably managing flood disaster information and is convenient for the data provider and the data demander to conduct real-time data interaction. The invention can be widely applied to the technical field of water disaster information management.",,,H04L67/1095;H04L67/1097;H04L67/12;H04L67/104;H04L63/10;G06Q10/04;G06Q50/26;G06F16/211;G06F16/27;G06F21/6227,G06Q10/04;G06F16/21;G06F16/27;G06F21/62;G06Q50/26;H04L9/40;H04L67/104;H04L67/1095;H04L67/1097;H04L67/12,UNIV ZHONGSHAN,,True,True
CN-110933646-B,CN-201911123138-A,CN,B,69853150,20191116,20191116,20210928,20210928,Time delay performance analysis method for continuous backoff freezing in vehicle-mounted communication,,"The invention provides a time delay performance analysis method for continuous backoff freezing in vehicle-mounted communication, wherein the continuous backoff freezing condition is considered in a data packet time delay calculation method. In the technique of the invention, firstly, a Markov backoff process is converted into a linear system in a Z domain, priority classification is carried out on emergency information and conventional information, MAC layer service process modeling is carried out on two queues by utilizing a probability mother function of backoff time and a probability mother function of transmission time, then a continuous backoff freezing Z domain model is established by adopting a Meisen formula, a backoff counter is calculated to reduce a required average time, and finally a performance parameter is calculated based on an iteration method: the latency of the data packet.",,,H04W74/085;H04W4/48;H04W74/0833,H04W74/08;H04W4/48,,,True,False
US-2014025394-A1,US-201113980877-A,US,A1,46515267,20111202,20110121,20140123,0,"System for assisting control of rescuing medical services, server, and mobile device",,"A mobile device and server as an integrated emergency information system. The server includes a main control unit; a display control unit producing screen data to control display on the mobile device; a time stamp acquisition unit detecting an event from the mobile device and acquiring a time stamp; an information registration unit receiving information registration; an index production unit producing prescribed indexes based on the registered information and the acquired time stamp; and a unit for determining the degree of emergency and severity of illness or injury based on the registered information and a “performance standard on transportation and acceptance of a sick or injured person” determined by each municipality. The determining unit displays candidates for transportation to a medical institution corresponding to specific diseases, as a list based on the degree of emergency and severity and a list determined by the municipality if a specific disease is anticipated.",,,G16H40/67;G16H20/10;G06Q10/063114;G06Q50/22,G16H20/10;G16H40/67;G06Q10/06,AOKI NORIAKI;OHTA SACHIKO,JP,True,False
KR-101153981-B1,KR-20110134181-A,KR,B1,46688806,20111214,20111214,20120608,20120608,Video monitoring service method,영상감시 서비스 방법,"PURPOSE: An image monitoring service method is provided to comprise image monitoring information with respect to a monitoring region with video monitoring information and image monitoring information, thereby acquiring information with high definition with respect to a monitoring target. CONSTITUTION: A detection camera control module of a controller continuously operates a detection camera and detects a vehicle by receiving recorded image information from the detection camera(300). The detection camera records the front or rear side of a vehicle which enters a monitoring region and detects a license plate from the recorded image information(302). The detection camera control module of the controller comprises the detected license plate, the recorded image information of a license plate region, and license plate information with an actual vehicle position(304). The detection camera control module transmits license plate information and a synchronizing signal to a wide angle camera control module(306).","본 발명에 따르는 영상감시 서비스 방법은, 감시 영역으로 진입 또는 이탈하는 차량의 전면 또는 후면에 대해 촬상을 이행하고, 그 촬상에 따른 검지 촬상정보로부터 차량을 검지하는 단계; 상기 차량이 검지되면, 상기 감시영역 전체에 대해 촬상한 광각 촬상정보에서, 상기 검지 촬상정보로부터 차량 번호판이 검지된 위치에 대응되는 광각 촬상정보의 위치에 존재하는 대상을 검지된 차량으로 결정하고, 상기 감시영역 전체에 대해 촬상한 광각 촬상정보들로 구성되는 동영상정보 중 일부 프레임 전체 또는 일부 프레임 중 상기 검지된 차량 위치영역에 대한 정지영상정보, 시각정보, 검지된 차량에 대한 식별정보, 상기 검지된 차량에 대한 특징정보, 상기 검지한 차량이 상기 감시 영역에서 이동한 이동경로 추적정보, 이동경로 추적에 따른 상황정보 중 하나 이상을 포함하는 헤더와 상기 동영상정보를 결합하여 영상감시정보를 생성하여 외부로 전송하는 단계;를 포함하는 것을 특징으로 한다.",,G08G1/017;H04N7/18;G08B13/19608;G08B13/19665;G08B25/10,G08B25/00;G08B13/196,DILAB,KR,False,True
US-2020374681-A1,US-202016988521-A,US,A1,69407158,20200807,20180322,20201126,0,Situational awareness systems and methods,,"Systems and methods for computer-aided, session-based operational and organizational responses to asynchronously occurring events. A “session” is a collection of client-server connections, each client connection being an endpoint device in a pool of devices under the control of the members of a defined operational response team cooperating to address an event. The session provides an organizational framework for information sharing, including using context roles to identify the proper recipients for data and messages. The information and data is shared to participating recipients in the session in real-time as the operational response is conducted, and as new data and information is generated, that data is added to the session with a timestamp. Once the response is concluded, the sessions can be closed, encapsulating the data, which can then be “played” back to re-experience the response as it played out, such as for audit, analysis, and review purposes.",,,H04W4/023;H04L67/52;H04L67/55;H04L67/53;H04L67/306;H04W4/38;H04W4/90;H04W4/029;H04L67/143;H04W4/025;G06Q10/06311;H04L67/141;H04L67/12;H04W4/024;H04L67/146;H04L67/18;H04L67/26;H04L67/20,H04W4/029;H04L29/08;H04W4/90;H04W4/024;H04W4/02,COOLFIRE SOLUTIONS INC,US,False,True
CN-121239907-B,CN-202511772453-A,CN,B,98153246,20251128,20251128,20260417,20260417,Method and system for distributing emergency broadcast information through digital television,,"The invention provides a method and a system for distributing emergency broadcast information through a digital television, wherein the method comprises the steps of S1, receiving emergency information with release time sent by a relevant platform forming an upper and lower command relationship with the current emergency broadcast platform by the current emergency broadcast platform, S2, matching the emergency information with release time, adding the emergency information into an event stream according to time sequence, S3, judging event state change between the emergency information and the emergency information of a last time stamp based on the upper and lower command relationship, S4, screening the emergency information and the emergency information of the last time stamp according to the event state change, generating updated content and corresponding content display instructions, distributing the updated content and the corresponding content display instructions to the digital television, and enabling the digital television to display the corresponding updated content under the control of the content display instructions.",,,,H04N21/6405;H04N21/458,,,True,False
CN-115809799-A,CN-202210790707-A,CN,A,85482220,20220705,20220705,20230317,0,Event-driven cultural relic building fire safety grading early warning method and system,,"The invention discloses an event-driven cultural relic building fire safety grading early warning method, which comprises the following steps: acquiring fire safety related data of the cultural relic building in real time, adding a timestamp to the fire safety related data, and adding the fire safety related data added with the timestamp into a pre-established message queue; and judging whether each piece of fire safety related data in the message queue is abnormal event data or not by using a complex event processing engine, if so, storing the abnormal event data into an abnormal event database as a new entry, and grouping all the abnormal event data according to the incident places related to all the obtained abnormal event data in the abnormal event database so as to obtain a plurality of abnormal event sets. The invention can solve the technical problem that the prior fire fighting equipment early warning method often causes misjudgment and even neglects the job due to insufficient experience of the civil insurance personnel, thereby causing a great accident.",,,,G06Q10/0635;G06Q50/26,UNIV SOUTH CENTRAL NATIONALITI,,True,True
US-2020053540-A1,US-201916591197-A,US,A1,69407158,20191002,20180322,20200213,0,Situational awareness systems and methods,,"Systems and methods for computer-aided, session-based operational and organizational responses to asynchronously occurring events. A “session” is a collection of client-server connections, each client connection being an endpoint device in a pool of devices under the control of the members of a defined operational response team cooperating to address an event. The session provides an organizational framework for information sharing, including using context roles to identify the proper recipients for data and messages. The information and data is shared to participating recipients in the session in real-time as the operational response is conducted, and as new data and information is generated, that data is added to the session with a timestamp. Once the response is concluded, the sessions can be closed, encapsulating the data, which can then be “played” back to re-experience the response as it played out, such as for audit, analysis, and review purposes.",,,H04L67/306;H04L67/146;H04L67/141;H04L67/143;H04W4/025;H04W4/024;H04W4/90;H04W4/38;G06Q10/06311;H04W4/023;H04L67/12;H04W4/029;H04L67/18;H04L67/20;H04L67/26;H04L67/53;H04L67/55;H04L67/52,H04W4/029;H04W4/02;H04W4/90;H04W4/024;H04L29/08,COOLFIRE SOLUTIONS INC,US,False,True
WO-2025170849-A1,US-2025014263-W,WO,A1,94732970,20250203,20240209,20250814,0,Alarm platform with aggregated alarm events,,"A method comprises receiving, by a first computing device, a plurality of events, each event including a timestamp and an indicator that corresponds with a location where the corresponding event occurred. The method comprises generating a list of events that occurred at a particular location. The method comprises chronologically ordering the list of events that occurred at the particular location, thereby producing a chronologically ordered list of events. The method comprises allocating the events in the chronologically ordered list into a plurality of alarm incidents, a particular one of the alarm incidents having allocated thereto events that occurred at the particular location. The method comprises receiving, from a second computing device via a network connection, a request for one or more alarm incidents for the particular location. The method comprises after receiving the request, sending, to the second computing device, via the network connection, the particular alarm incident.",,,G08B13/19673;G08B25/10;G08B25/001;G08B25/14;H04W4/029,G08B25/10;G08B25/00;G08B13/196;G08B25/14,SIMPLISAFE INC,US,False,True
KR-101583378-B1,KR-20140040408-A,KR,B1,54240769,20140404,20140404,20160119,20160119,Individual protection service system and method,개인 보호 서비스 시스템 및 방법,,"본 발명은 개인 보호 서비스 시스템 및 방법에 관한 것으로, 긴급 상황 발생시, 사용자 기본정보와 상황설정 메시지, 단말기의 GPS 위치 정보와 시각 정보, 위험 상황 정보, 및 사회안전망 코드를 전송하여 개인 보호 서비스를 요청하는 사용자 단말기; 상기 사용자 단말기와 이동통신망을 통해 접속되어 개인 보호 서비스(Individual Safety Guard service)를 제공하는 개인 보호 서비스 서버; 및 상기 개인 보호 서비스 서버와 연결되어 사회 안전망에 연결된 기관의 단말기;를 포함하고, 상기 사용자 단말기는 스마트 모바일 기기, 소형 휴대용 기기, 또는 웨어러블 기기 중 어느 하나의 단말기를 사용한다.  
긴급 상황 발생시, 위험이나 재난에 처한 사용자는 단말기의 긴급 버튼을 눌러 개인 보호 서비스 서버로 즉시 요청하여 빠른 시간 내에 신속하게 대응하도록 보호자나 사회안전망과 연동된 기관의 단말기로 위급 상황을 전송하여 구조를 요청한 사용자 단말기의 위치가 추적되며 안전 요원이 즉시 출동하여 안전 조치를 제공받는다.",,G08B25/016;H04L67/12;H04N7/188;H04N7/18;G08B25/008;H04W4/90;H04L69/28;G08B25/12;H04L67/125;H04L67/04;H04L67/535;G08B21/02;G08B25/10;H04W4/00,G08B21/02;G08B25/10;H04W4/90,,,True,True
WO-2015152475-A1,KR-2014007917-W,WO,A1,54240769,20140826,20140404,20151008,0,Personal protection service system and method,개인 보호 서비스 시스템 및 방법,"The present invention relates to a personal protection service and method, which comprise: a user terminal for requesting a personal protection service by transmitting basic user information and a situation setting message, GPS position information on the terminal and time information, dangerous situation information, and a social safety network code, when an emergency arises; a personal protection service server for connecting to the user terminal through a mobile communication network to provide an Individual Safety Guard service; and; and a terminal of an institution connected to the personal protection service server and a social safety network, wherein the user terminal uses one terminal from among a smart mobile device, a compact portable device, and a wearable device. When an emergency arises, a user who encounters danger or a disaster presses an emergency button on a terminal to immediately request to the personal protection service server that the emergency be transmitted to the terminal of a guardian or an institute linked to the social safety network to quickly respond within a short period of time, and the position of the user terminal requesting rescue is tracked so that safety personnel can be immediately dispatched to provide safety.","본 발명은 개인 보호 서비스 시스템 및 방법에 관한 것으로, 긴급 상황 발생시, 사용자 기본정보와 상황설정 메시지, 단말기의 GPS 위치 정보와 시각 정보, 위험 상황 정보, 및 사회안전망 코드를 전송하여 개인 보호 서비스를 요청하는 사용자 단말기; 상기 사용자 단말기와 이동통신망을 통해 접속되어 개인 보호 서비스(Individual Safety Guard service)를 제공하는 개인 보호 서비스 서버; 및 상기 개인 보호 서비스 서버와 연결되어 사회 안전망에 연결된 기관의 단말기;를 포함하고, 상기 사용자 단말기는 스마트 모바일 기기, 소형 휴대용 기기, 또는 웨어러블 기기 중 어느 하나의 단말기를 사용한다. 긴급 상황 발생시, 위험이나 재난에 처한 사용자는 단말기의 긴급 버튼을 눌러 개인 보호 서비스 서버로 즉시 요청하여 빠른 시간 내에 신속하게 대응하도록 보호자나 사회안전망과 연동된 기관의 단말기로 위급 상황을 전송하여 구조를 요청한 사용자 단말기의 위치가 추적되며 안전 요원이 즉시 출동하여 안전 조치를 제공받는다.",,H04L69/28;H04N7/18;H04L67/12;H04W4/90;G08B25/008;G08B25/016;G08B25/12;H04N7/188;H04L67/125;H04L67/04;H04L67/535;G08B21/02;H04W4/00;G08B25/10,G08B25/10;G08B21/02;H04W4/90,KIM MYUNG HWAN,KR,True,True
CN-120525933-A,CN-202510678572-A,CN,A,96747623,20250526,20250526,20250822,0,Disaster site multidimensional image cooperative processing method based on unmanned aerial vehicle-satellite cooperation,,"The invention discloses a disaster site multidimensional image cooperative processing method based on unmanned aerial vehicle-satellite cooperation. The method comprises the steps of obtaining multisource heterogeneous image data, carrying out space synchronization preprocessing, achieving time stamp correction through constructing a communication delay prediction model, then adopting a segmentation processing strategy driven by boundary evidence intensity, establishing a three-dimensional evaluation system based on time evidence, space evidence and consistency evidence, carrying out differential registration processing on image boundaries, achieving balance between boundary information and continuity under a constraint optimization framework through a boundary continuity constraint propagation mechanism and a sliding window reconstruction technology, carrying out quality perception multidimensional image fusion, and outputting a high-precision disaster situation map and a loss evaluation result. The method solves the technical problems of low image registration precision and ghost boundary generated by boundary fusion under heterogeneous timestamps, and improves the accuracy and reliability of disaster loss assessment.",,,G06T2207/10032;G06T2207/10012;G06T2207/20221;G06T7/62;G06T5/50;G06V20/17;G06V20/13;G06V10/62;G06T7/187;G06T7/33,G06V20/17;G06V20/13;G06V10/62;G06T7/62;G06T7/187;G06T5/50;G06T7/33,GANSU HUIENYUAN EMERGENCY EQUIPMENT CO LTD,,True,False
US-2020068376-A1,US-201916670535-A,US,A1,69407158,20191031,20180322,20200227,0,Situational awareness systems and methods,,"Systems and methods for computer-aided, session-based operational and organizational responses to asynchronously occurring events. A “session” is a collection of client-server connections, each client connection being an endpoint device in a pool of devices under the control of the members of a defined operational response team cooperating to address an event. The session provides an organizational framework for information sharing, including using context roles to identify the proper recipients for data and messages. The information and data is shared to participating recipients in the session in real-time as the operational response is conducted, and as new data and information is generated, that data is added to the session with a timestamp. Once the response is concluded, the sessions can be closed, encapsulating the data, which can then be “played” back to re-experience the response as it played out, such as for audit, analysis, and review purposes.",,,H04W4/025;H04L67/306;H04L67/146;H04L67/143;H04L67/141;H04W4/38;H04W4/024;H04W4/90;H04W4/023;H04W4/029;H04L67/12;G06Q10/06311;H04L67/20;H04L67/18;H04L67/26;H04L67/53;H04L67/55;H04L67/52,H04W4/029;H04W4/024;H04L29/08;H04W4/02;H04W4/90,COOLFIRE SOLUTIONS INC,US,False,True
US-2016027139-A1,US-201514807701-A,US,A1,55167099,20150723,20140723,20160128,0,System and Method for Preparing and Implementing Emergency Response Plans,,"A system and computer implemented method for implementing an emergency response plan in real time includes the steps of electronically providing an emergency plan flow chart including action items that a user must progress through and complete in real time during an emergency incident, and electronically time stamping the completed action items of the emergency plan flow chart as the user progresses through the emergency plan flow chart during the emergency incident. The user can add notes to the time-stamped competed action items and can save an incident record for the emergency incident record as either an actual emergency incident or a drill.",,,G06Q50/265;G06Q10/10,G06Q10/10;G06Q50/26,Safeguard Risk Solutions LLC,US,True,True
CN-117369485-A,CN-202311103897-A,CN,A,89404852,20230829,20230829,20240109,0,"Unmanned plane path collaborative planning method and device, electronic equipment and storage medium",,"The invention provides a method, a device, electronic equipment and a storage medium for collaborative planning of unmanned aerial vehicle paths, which comprise the steps of taking the sum of the transmission consumption time of the minimum unmanned aerial vehicle when disaster information is collected and the reciprocal of the freshness of the disaster information collected by the unmanned aerial vehicle as an optimization target, and constructing an objective function under a preset constraint condition; constructing a deep reinforcement learning model corresponding to the objective function and a reward function of the deep reinforcement learning model; according to the method, a deep reinforcement learning model is solved according to a reward function, a flight strategy of the unmanned aerial vehicle under the conditions of minimum transmission consumption time and maximum freshness is obtained, timeliness and reliability of information acquisition and transmission are guaranteed through a unmanned aerial vehicle path collaborative planning mode based on deep reinforcement learning, overall efficiency of a system is improved, and the flight strategy of the unmanned aerial vehicle is optimized through data freshness of information acquired by the unmanned aerial vehicle, so that accuracy of emergency response and decision making is improved.",,,Y02T10/40,G05D1/46;G05D1/622,UNIV BEIJING POSTS & TELECOMM,,True,False
US-2017262345-A1,US-201615068548-A,US,A1,59786582,20160312,20160312,20170914,0,"Backup, Archive and Disaster Recovery Solution with Distributed Storage over Multiple Clouds",,"This invention is a software application utilizing distributed storage systems to provide backup, archive and disaster recovery (BCADR) functionality across multiple clouds. The multi-cloud aware BCADR application and distributed storage systems are utilized together to prevent data lost and to provide high availability in disastrous incidents. Data deduplication reduces the storage required to store many backups. Reference counting is utilized to assist in garbage collection of staled data chunks after removal of staled backups.",,,G06F2201/815;G06F11/2094;G06F11/1453;G06F11/1456;H04L67/10;G06F11/1469;H04L67/1097;G06F2201/805;G06F2201/84;H04L69/40;G06F11/1464,G06F11/14;H04L29/08,WANG JENLONG;WANG YU-ZEN CHANG,US,True,False
US-12444293-B2,US-202418895668-A,US,B2,96659901,20240925,20240209,20251014,20251014,Alarm platform with aggregated alarm events,,"A method comprises receiving, by a first computing device, a plurality of events, each event including a timestamp and an indicator that corresponds with a location where the corresponding event occurred. The method comprises generating a list of events that occurred at a particular location. The method comprises chronologically ordering the list of events that occurred at the particular location, thereby producing a chronologically ordered list of events. The method comprises allocating the events in the chronologically ordered list into a plurality of alarm incidents, a particular one of the alarm incidents having allocated thereto events that occurred at the particular location. The method comprises receiving, from a second computing device via a network connection, a request for one or more alarm incidents for the particular location. The method comprises after receiving the request, sending, to the second computing device, via the network connection, the particular alarm incident.",,,G08B25/001;H04W4/029;G08B25/14,H04W4/029;G08B25/00;G08B25/14,SIMPLISAFE INC,US,False,True
KR-101463985-B1,KR-20130071556-A,KR,B1,52290989,20130621,20130621,20141119,20141119,Supplementary Information Supplying Device using Radion Paging System and Method thereof,무선호출시스템을 이용한 부가정보 제공장치 및 그 방법,"The present invention relates to a supplementary information providing apparatus using a radio paging system and a method thereof and, more specifically, to an apparatus and method using an existing radio paging system for providing supplementary information on weather, disaster information, traffic information, streetlight control, control regarding the management of renewable energy generation, etc. To achieve this, the apparatus includes: a supplementary information providing unit which consists of a supplementary information generator and a supplementary information encoder, and provides encoded supplementary information; a transmitting unit which includes a server to transmit supplementary information to a transmitter in a specific area; and a receiving unit which includes a receiver, a decoder, and an information processing unit to process decoded supplementary information, wherein data frames included in the supplementary information include time stamps indicating the time of the moment a specific area′s address, contents to be transmitted, and supplementary information are transmitted or received. According to the present invention, an existing radio paging system can be used to provide supplementary information without having separate expensive dedicated facilities as a long-wave broadcast, thereby providing nationwide supplementary information to unspecified individuals through an inexpensive transceiver.","본 발명은 무선호출시스템을 이용한 부가정보 제공장치 및 그 방법에 관한 것으로, 더욱 상세하게는 날씨, 재난정보, 도로교통정보, 가로등 제어, 신재생에너지 발전의 관리에 관한 제어 등의 부가정보를 제공하기 위해 현존하는 무선호출시스템(Radio Paging System)을 이용하는 장치 및 방법에 관한 것이다. 이를 위하여 부가정보 발생기와 부가정보 인코더로 구성되어 인코딩된 부가정보를 제공하는 부가정보 제공부; 특정 지역의 송신기로 부가정보를 전달하는 서버를 포함하는 송신부; 및 수신기, 디코더 및 디코딩된 부가정보를 처리하는 정보처리부를 포함하는 수신부;를 포함하고, 부가정보의 데이터 프레임은 특정 지역의 어드레스, 전달 내용 및 부가정보가 송신 또는 수신되는 순간의 시간을 나타내는 타임스탬프를 포함하는 무선호출시스템을 이용한 부가정보 제공장치를 제공한다. 본 발명에 따르면 부가정보 제공에 장파방송과 같은 고가의 전용시설을 따로 구비하지 않고 현존하는 무선호출시스템을 사용하므로 저렴한 비용의 송수신장치를 통하여 불특정 다수에게 전국적인 부가정보를 제공할 수 있는 효과가 있다.",,H04B5/00;H04B5/48,H04B5/04,KOREA RES INST OF STANDARDS,KR,True,False
CN-121354296-B,CN-202511921467-A,CN,B,98398408,20251218,20251218,20260421,20260421,Self-organizing earthquake early warning method based on emergency information release system,,"The invention discloses a self-organizing earthquake early warning method based on an emergency information release system, which particularly relates to the technical field of earthquake early warning, and comprises the steps of acquiring an initial feature vector of an earthquake event and broadcasting the initial feature vector to edge nodes, constructing a local propagation weight and a relay queue by each node based on received information, realizing multi-hop self-organizing propagation path construction, dynamically monitoring local receiving density and relay delay in a propagation process, identifying a signal attenuation area and triggering a cooperative relay request, dispatching available equipment by a central node to construct a temporary relay group, automatically deploying a hot spot communication protocol, improving the information coverage range and transmission reliability, finally constructing a complete propagation topological graph, and calculating response time stamps of each node to evaluate system performance.",,,,G08B31/00;G08B25/08;G08B21/10,,,True,True
CN-119963203-A,CN-202510449500-A,CN,A,95598941,20250411,20250411,20250509,0,Comprehensive risk early warning system based on market big data and credit risks of both transaction parties,,"The invention relates to the technical field of credit risk analysis, in particular to a comprehensive risk early warning system based on market big data and credit risk of both transaction parties. According to the method, ESG rating, news emotion, geographic liveness, disaster early warning and business financial summary data are comprehensively collected, format alignment and unified timestamp marking are carried out on multi-source heterogeneous data to form a structured market factor flow, multidimensional fusion and efficient integration of market information are achieved on processing logic, instantaneity and sensitivity of credit risk monitoring are improved, quantitative analysis of credit risk text items is carried out based on ESG deviation values, emotion polarities and geographic liveness change rates, and risk accurate matching is carried out by combining geographic positions and disaster information, so that accuracy and sensitivity of risk factor association are directly improved.",,,,G06Q40/00;G06Q20/40,WANLIAN ZHISHU QINGDAO INFORMATION TECH CO LTD,,True,False
US-2026080769-A1,US-202519336761-A,US,A1,94732970,20250923,20240209,20260319,0,Alarm platform with aggregated alarm events,,"A method comprises receiving, by a first computing device, a plurality of events, each event including a timestamp and an indicator that corresponds with a location where the corresponding event occurred. The method comprises generating a list of events that occurred at a particular location. The method comprises chronologically ordering the list of events that occurred at the particular location, thereby producing a chronologically ordered list of events. The method comprises allocating the events in the chronologically ordered list into a plurality of alarm incidents, a particular one of the alarm incidents having allocated thereto events that occurred at the particular location. The method comprises receiving, from a second computing device via a network connection, a request for one or more alarm incidents for the particular location. The method comprises after receiving the request, sending, to the second computing device, via the network connection, the particular alarm incident.",,,G08B25/001;H04W4/029;G08B13/19673;G08B25/10;G08B25/14,H04W4/029;G08B25/00;G08B25/14,SIMPLISAFE INC,US,False,True
EP-4042732-A2,EP-20870670-A,EP,A2,75336500,20201002,20191002,20220817,0,Situational awareness systems and methods,,"Systems and methods for computer-aided, session-based operational and organizational responses to asynchronously occurring events. A &#34;session&#34; is a collection of client-server connections, each client connection being an endpoint device in a pool of devices under the control of the members of a defined operational response team cooperating to address an event. The session provides an organizational framework for information sharing, including using context roles to identify the proper recipients for data and messages. The information and data is shared to participating recipients in the session in real-time as the operational,.response is conducted, and as new data and information is generated, that data is added to the session with a timestamp. Once the response is concluded, the sessions can be closed, encapsulating the data, which can then be &#34;played&#34; back to re-experience the response as it played out, such as for audit, analysis, and review purposes.",,,H04W4/90;H04L63/302;H04W4/38;H04W4/029,H04W4/90;H04W4/024;H04W4/02;H04W4/38;H04W4/029,COOLFIRE SOLUTIONS INC,US,False,True
KR-102264044-B1,KR-20210004282-A,KR,B1,76417388,20210112,20210112,20210614,20210614,A controlling method of system for broadcasting emergency circumstances,비상상황 대피 방송 시스템의 처리방법,"The present invention provides an emergency evacuation broadcasting system using a terminal device for emergency evacuation broadcasting even considering distributed evacuation to prevent the evacuation of occupants from being drawn to one side even by dynamically checking an evacuation situation of occupants. The system includes: a server (100) for controlling the entire system including detecting occupants and displaying disaster information; and a plurality of emergency evacuation broadcasting terminal devices (200) for detecting occupants and displaying disaster information together with the server, wherein the terminal device (200) transmits the occupant information data for each floor and each room to the server (100), the server (100) broadcasts an audio signal through a speaker line to the terminal device (200) in normal times, but in an emergency, transmits a voice signal for evacuation guidance and evacuation information, and transmits evacuation guidance and evacuation information text data by directly converting to network audio broadcasting in a wired/wireless manner when a problem occurs in the speaker line due to a disaster situation, and the terminal device (200) broadcasts an audio signal input from the server (100) through the speaker line in normal times, but in an emergency, receives the evacuation guide visual information and the voice signal for the evacuation information from the server (100) and outputs audiovisually.","본 발명은, 재실자들의 대피 상황까지도 동적으로 파악하여, 대피 중인 재실자들이 한쪽으로 몰리는 상황이 미연에 방지되도록 분산 대피까지 고려한 비상상황 대피 방송용 단말장치를 이용한 비상상황 대피 방송 시스템을 제공하기 위한 것으로, 재실 인원 감지 및 재난 정보 표시를 포함한 전체 시스템을 제어하는 서버(100); 및 상기 서버와 함께 재실 인원 감지 및 재난 정보 표시를 행하는 복수 개의 비상상황 대피 방송용 단말장치(200); 로 이루어지며, 상기 단말장치(200)는 상기 서버(100)로 각 층별 및 실별 인원 정보 데이터를 전송하고, 상기 서버(100)는 상기 단말장치(200)로 평시에는 스피커 선로를 통해 오디오 신호를 방송하나, 비상시에는 대피 안내 및 대피 정보에 대한 음성 신호를 전송하게 되고, 재난 상황으로 인하여 스피커 선로에 문제가 발생하였을 시에는 직접 유무선 방식으로 네트워크 오디오 방송으로 전환하여 대피 안내 및 대피 정보 문자 데이터를 전송하게 되며, 상기 단말장치(200)는 상기 서버(100)로부터 평시에는 스피커 선로를 통해 입력되는 오디오 신호를 방송하며 비상시에는 상기 서버(100)로부터 대피 안내 시각 정보 및 대피 정보에 대한 음성 신호를 전송받아 시청각적으로 출력하게 되는 것을 특징으로 한다.",,H04H40/36;H04H20/47;G08B27/006;H04H20/59;G08B27/008;H04H20/61,H04H40/36;H04H20/47;H04H20/59;H04H20/61;G08B27/00,DONG KWANG ELECTRONICS CO LTD,KR,True,True
US-2022180729-A1,US-202017114582-A,US,A1,81848240,20201208,20201208,20220609,0,Incident location reporting using isodistance,,"In a method for calculating a location of a traffic incident a processor receives a first alarm message. The alarm message has a device identification, an event time stamp indicating detection of an incident, and a first distance vector. The processor calculates first isodistance information from the first distance vector and receives a second alarm message that has the device identification, the event time stamp, and a second distance vector. The processor calculates a second isodistance information for the second alarm message, and calculates a location of the incident based on the first isodistance information and the second isodistance information.",,,G08B25/016;H04W4/40;H04W4/90;H04W4/02;G08G1/0112;G08G1/205;G08G1/0141;G08G1/0133;G08G1/096791;G01S5/0249;G01S5/0231;G08B25/004;G01S5/0027;G08B25/009,G08B25/00;G01S5/00;G08G1/0967;G01S5/02,IBM,US,False,True
CN-121239907-A,CN-202511772453-A,CN,A,98153246,20251128,20251128,20251230,0,Method and system for distributing emergency broadcast information through digital television,,"The invention provides a method and a system for distributing emergency broadcast information through a digital television, wherein the method comprises the steps of S1, receiving emergency information with release time sent by a relevant platform forming an upper and lower command relationship with the current emergency broadcast platform by the current emergency broadcast platform, S2, matching the emergency information with release time, adding the emergency information into an event stream according to time sequence, S3, judging event state change between the emergency information and the emergency information of a last time stamp based on the upper and lower command relationship, S4, screening the emergency information and the emergency information of the last time stamp according to the event state change, generating updated content and corresponding content display instructions, distributing the updated content and the corresponding content display instructions to the digital television, and enabling the digital television to display the corresponding updated content under the control of the content display instructions.",,,,H04N21/6405;H04N21/458,SICHUAN KUANGSHI RUANTONG ELECTRONIC TECH CO LTD,,True,False
JP-2019174877-A,JP-2018059095-A,JP,A,68168847,20180326,20180326,20191010,0,"Device for finding existence of abnormality to occur in solitary resident, method, and program therefor",,"To provide a method for rapidly finding existence of an abnormality to occur in a solitary resident.SOLUTION: A management device 120 determines whether or not a lapsed time from a reception time of a last detection report exceeds a predetermined time concerning respective units or a resident (S201). When a lapsed time exceeds, the management device 120 performs a first calling request to a speech unit 140 of a resident (S202). A starting time of a predetermined time is reset based on a response to a message to be reproduced by the first calling request (S203). When a desired response by a resident cannot be obtained, the management device 120 performs a second calling request to an emergency report destination 150 whose telephone number is pre-registered as a report destination when a possibility of an abnormality occurs (S204). When a desired response by an emergency report destination or a resident cannot be obtained, the management device 120 performs a third calling request to a management company 160 of a residence 110 with respect to a calling device 130 (S205).SELECTED DRAWING: Figure 2",,,,G08B25/08;H04M11/00;G08B25/04,PRINCIPLE KK,,False,True
CN-120433929-A,CN-202510698231-A,CN,A,96561788,20250528,20250528,20250805,0,Emergency information management system and method based on mobile internet and two-dimension code,,"The invention relates to the technical field of emergency information management, and discloses an emergency information management system and method based on a mobile internet and a two-dimension code, wherein the method comprises the following steps of acquiring a unique identifier of equipment from a security chip, combining a precise timestamp with geocoding data, generating a dynamic encryption UUID (user identifier) through a hybrid encryption algorithm, adopting a key derivation technology to ensure that each session key is independent, and finally outputting a standardized encryption identifier; and integrating the encrypted UUID, the time stamp and the metadata of the authority level with the digital signature, and generating a dynamic two-dimensional code containing an ultraviolet mark through serialization coding, error correction enhancement and physical anti-counterfeiting treatment. The invention constructs the end-to-end trusted first-aid information channel through the deep fusion of dynamic data anchoring and multidimensional safety verification, and effectively breaks the information lag and safety defect of the traditional static management mode.",,,H04L63/0435;H04L63/0428;H04L63/10;H04L9/3297;H04L9/3247;H04L9/0869;H04L9/0861,H04L9/40;H04L9/32;H04L9/08,Qingdao weida sports goods co ltd,,True,False
KR-20230137644-A,KR-20220035341-A,KR,A,88294860,20220322,20220322,20231005,0,QR code based driving environment recognition method and system,Qr 코드 기반의 교통상황 식별 방법 및 시스템,"The present invention relates to a QR code-based traffic situation recognition method and a system thereof. The QR code-based traffic situation recognition method of the present invention comprises the steps of: allowing a plurality of camera units mounted on an autonomous driving vehicle to capture a first QR code displayed on a surrounding vehicle and a second QR code displayed on an infrastructure; allowing a QR code reading unit to read the received first QR code and the second QR code to extract traffic situation information; allowing a communication unit to receive a communication message from the surrounding vehicle and the infrastructure; and allowing a comparison and analysis unit to compare the traffic situation information extracted from the QR code reading unit with traffic situation information extracted from the received communication message to analyze the same. According to the present invention, the method can recognize traffic situations with only QR codes attached to surrounding vehicles and infrastructures without the dependency of wireless networks, and compare time stamps of the QR codes and wireless data to determine whether wireless data is delayed, thereby increasing the safety.","본 발명은 QR 코드 기반의 교통상황 식별 방법 및 시스템에 관한 것이다. 본 발명의 QR 코드 기반의 교통상황 식별 방법은, 자율주행차량에 탑재된 다수개의 카메라부가 주변차량에 표시된 제1QR코드와 기반시설에 표시된 제2QR코드를 촬영하는 단계와, QR코드판독부가 수신된 제1QR코드와 제2QR코드를 판독하여 교통상황정보를 추출하는 단계와, 통신부가 주변차량 및 기반시설물로부터 통신메시지를 수신하는 단계와, 비교분석부가 QR코드판독부로부터 추출된 교통상황정보와 수신된 통신메시지로부터 추출된 교통상황정보를 비교분석하는 단계를 포함한다. 본 발명에 의하면 무선 네트워크 상황에 종속성없이 주변차량 및 기반시설에 부착된 QR코드만으로 교통상황을 인지할 수 있으며, QR코드와 무선데이터의 타임스템프를 비교하여 무선데이터의 지연여부를 판단하여 안전성을 높일 수 있다.",,G08G1/0108;G06K19/06037;G06K7/1417;G06V20/56;G08G1/0125;G08G1/097,G08G1/01;G06K7/14;G06K19/06;G06V20/56;G08G1/097,PAICHAI UNIV INDUSTRY ACADEMIC COOPERATION FOUNDATION,KR,True,False
KR-102201019-B1,KR-20200138046-A,KR,B1,74129131,20201023,20201023,20210111,20210111,System for providing visual information for passengers in railway vehicle in real time,철도차량 승객용 시각정보 실시간 제공시스템,"One embodiment provides a system for providing visual information for passengers between an operation center and a railway vehicle that are connected by an LTE-R network. The real-time visual information provision system for railway vehicle passengers includes: a service operation server located in the operation center to transmit image information, station guide information, a first application for displaying the image information, and a second application for displaying the station guide information to a railway vehicle through the LTE-R network; a real-time transmission server located in the operation center to transmit emergency information to the railway vehicle through the LTE-R network; and an integrated control device located in the railway vehicle and including an application driving unit receiving data on the image information, data on the station guide information, and data on the emergency information to display the image information by executing the first application and display the station guide information by executing the second application, and an application driving control unit for controlling the application driving unit such that the emergency information is displayed in real time together with the image information and the station guide information when the emergency information is received.","일 실시예는 LTE-R 네트워크로 연결된 운영센터와 철도차량 사이에서 승객용 시각정보를 제공하는 시스템에 있어서,  상기 운영센터에 위치하고, 영상정보, 역안내정보, 상기 영상정보를 현시하기 위한 제1 어플리케이션 및 상기 역안내정보를 현시하기 위한 제2 어플리케이션을 상기 LTE-R 네트워크를 통해 상기 철도차량으로 전송하는 서비스운영서버; 상기 운영센터에 위치하고, 긴급정보를 상기 LTE-R 네트워크를 통해 상기 철도차량으로 전송하는 실시간전송서버;  및 상기 철도차량에 위치하고, 상기 영상정보에 대한 데이터, 상기 역안내정보에 대한 데이터 및 상기 긴급정보에 대한 데이터를 수신하고, 상기 제1 어플리케이션을 실행하여 상기 영상정보를 현시하고 상기 제2 어플리케이션을 실행하여 상기 역안내정보를 현시하는 어플리케이션구동부 및, 상기 긴급정보가 수신되면 상기 영상정보 및 상기 역안내정보와 함께 상기 긴급정보를 실시간으로 현시하도록 상기 어플리케이션구동부를 제어하는 어플리케이션구동제어부를 포함하는 통합제어장치를 포함하는 철도차량 승객용 시각정보 실시간 제공시스템을 제공할 수 있다.",,B61L15/0027;H04W4/024;H04W4/60;H04L67/34;B61L15/009;H04W4/90;H04W4/42;G06Q50/30;G06Q50/40,H04W4/024;B61L15/00;H04W4/90;H04W4/42;G06Q50/30;H04W4/60;H04L29/08,SHH CO LTD,KR,True,True
WO-2021067731-A3,US-2020053984-W,WO,A3,75336500,20201002,20191002,20210514,0,Situational awareness systems and methods,,"Systems and methods for computer-aided, session-based operational and organizational responses to asynchronously occurring events. A &#34;session&#34; is a collection of client-server connections, each client connection being an endpoint device in a pool of devices under the control of the members of a defined operational response team cooperating to address an event. The session provides an organizational framework for information sharing, including using context roles to identify the proper recipients for data and messages. The information and data is shared to participating recipients in the session in real-time as the operational,.response is conducted, and as new data and information is generated, that data is added to the session with a timestamp. Once the response is concluded, the sessions can be closed, encapsulating the data, which can then be &#34;played&#34; back to re-experience the response as it played out, such as for audit, analysis, and review purposes.",,,H04W4/90;H04L63/302;H04W4/38;H04W4/029,H04L29/08;H04W4/024;H04W4/029;H04W4/38;H04W4/90;H04W4/02,COOLFIRE SOLUTIONS INC,US,False,True
US-11355003-B1,US-202017114582-A,US,B1,81848240,20201208,20201208,20220607,20220607,Incident location reporting using isodistance,,"In a method for calculating a location of a traffic incident a processor receives a first alarm message. The alarm message has a device identification, an event time stamp indicating detection of an incident, and a first distance vector. The processor calculates first isodistance information from the first distance vector and receives a second alarm message that has the device identification, the event time stamp, and a second distance vector. The processor calculates a second isodistance information for the second alarm message, and calculates a location of the incident based on the first isodistance information and the second isodistance information.",,,G08B25/016;H04W4/02;H04W4/90;H04W4/40;G08G1/0141;G08G1/0112;G08G1/205;G08G1/0133;G08G1/096791;G01S5/0249;G01S5/0027;G01S5/0231;G08B25/009;G08B25/004,G08G1/123;G01S5/02;G08B25/00;G01S5/00;G08G1/0967,IBM,US,False,True
US-10743169-B2,US-201916591197-A,US,B2,69407158,20191002,20180322,20200811,20200811,Situational awareness systems and methods,,"Systems and methods for computer-aided, session-based operational and organizational responses to asynchronously occurring events. A “session” is a collection of client-server connections, each client connection being an endpoint device in a pool of devices under the control of the members of a defined operational response team cooperating to address an event. The session provides an organizational framework for information sharing, including using context roles to identify the proper recipients for data and messages. The information and data is shared to participating recipients in the session in real-time as the operational response is conducted, and as new data and information is generated, that data is added to the session with a timestamp. Once the response is concluded, the sessions can be closed, encapsulating the data, which can then be “played” back to re-experience the response as it played out, such as for audit, analysis, and review purposes.",,,H04W4/023;H04L67/53;H04L67/55;H04L67/52;H04W4/024;H04W4/90;H04L67/146;G06Q10/06311;H04L67/143;H04W4/38;H04L67/12;H04W4/025;H04L67/141;H04L67/306;H04W4/029;H04L67/26;H04L67/20;H04L67/18,G06Q10/06;H04M11/04;H04W4/029;H04L29/08;H04W4/02;H04W4/90;H04W4/38;H04W4/024,COOLFIRE SOLUTIONS INC,US,False,True
WO-2026122715-A1,US-2025057961-W,WO,A1,98524013,20251203,20241204,20260611,0,Methods and apparatuses for connectionless emergency access in non-terrestrial networks using satellites,,"Disclosed methods and apparatuses provide connectionless emergency access to user terminals (UTs) operating in a satellite-based service area of a non-terrestrial network (NTN). Example advantages include providing for the connectionless emergency access with lightweight or semi- persistent Downlink (DL) signaling used in the satellite-based service area, at least with respect to supporting connectionless emergency accesses. Other advantages include low-latency with respect to transmission of emergency information, and the option of using the same, statically or globally defined resources for the entire service area, even in cases where NTN-based access divides the service area into multiple cells.",,,H04L1/1864;H04L1/1896;H04L1/1893;H04W76/50;H04W84/06;H04W74/08;H04L1/08;H04W72/02;H04B7/18513;H04W4/90,H04W74/0836;H04W74/0833;H04W74/08;H04W72/02;H04L1/08;H04B7/185,VIASAT INC,US,True,True
CN-103679333-A,CN-201310454401-A,CN,A,50316810,20130927,20130927,20140326,0,Workflow-based quick response system and application thereof,,"The invention provides a workflow-based quick response system and application of the system in a mobile production line of airplane general assemblies. The system comprises an abnormal information obtaining module, an information classification and confirmation module, an early warning information releasing module and a response information synchronizing module, wherein the abnormal information obtaining module captures and submits abnormal information based on a mixed information capturing mechanism; the information classification and confirmation module comprehensively analyzes, determines and processes the abnormal information based on a quick response workflow; according to information generated in the quick response workflow, the early warning information releasing module displays early warning information via different early warning display devices; and the response information synchronizing module is connected with the early warning information releasing module via serial ports to query and update information in the quick response workflow. The system can be used to display, manage and monitor different production emergency information in the airplane assembling process, can help relevant departments take measures rapidly to decrease direct man-hour consumption in assembling, eliminates delay in production process, improves product quality, and finally realizes the requirement of zero-latency production.",,,Y02P90/30,G06Q10/06;G06Q50/04,SHANGHAI AIRCRAFT MFG CO LTD,,True,False
KR-102934566-B1,KR-20250125081-A,KR,B1,99103107,20250903,20250903,20260304,20260304,Intelligent Visual Alarm Device with Disaster Information Projection Function,재난 정보 투사 기능을 갖는 지능형 시각 경보 장치,,"본 발명은 재난 상황에서 시각적으로 경보 문구와 피난 유도 정보를 제공할 수 있도록 고안된 재난 정보 투사 기능을 갖는 지능형 시각 경보 장치에 관한 것으로, 케이싱; 상기 케이싱 내부에 설치되어, 재난 관련 경보 문구, 피난 유도 정보 또는 안전 안내 이미지를 외부 표면이나 벽면에 투사하는 투사 모듈; 및 상기 투사 모듈의 구동을 제어하고, 외부 재난 감지 센서 또는 재난 정보 수신 모듈과 연동하여 경보 신호에 대응하는 시각 정보를 선택·출력하도록 제어하는 제어 모듈;을 포함한다.",,G09F19/18;G08B5/36;G08B21/10;G08B17/00;B05B15/70;B05B12/16;B05B12/122;A62C37/38;A62C31/28;A62C31/02;G08B7/066,G09F19/18;G08B21/10;G08B17/00;G08B5/36;B05B15/70;B05B12/16;B05B12/12;A62C37/38;A62C31/28;A62C31/02;G08B7/06,LEE KYU SUK,KR,True,False
WO-2022250846-A1,US-2022026864-W,WO,A1,82019503,20220429,20210526,20221201,0,Post-vehicular incident reconstruction report,,"The disclosure herein describes systems and methods for generating a post-vehicular incident report. In some examples, the system includes receiving a notification from a user device indicating the user device has been involved in an incident, obtaining incident data from the user device that includes a timestamp and location data, retrieving third-party incident data corresponding to the timestamp and the location data received in the incident data, generating a timeline of the incident based on the obtained incident data from the user device and the retrieved third-party incident data, the generated timeline including events occurring prior to the incident and events occurring after the incident, generating a report of the incident based on the generated timeline, the obtained incident data, and the retrieved third-party incident data, the report including the timeline, and outputting the generated report to the user device and at least one of a plurality of approved devices.",,,G06Q50/26;G07C5/0841;G06Q10/10;G06Q40/08;G07C5/008;G06F16/93;G06Q50/40,G06Q40/08;G07C5/08;G07C5/00,MICROSOFT TECHNOLOGY LICENSING LLC,US,False,True
CN-121396377-A,CN-202511512268-A,CN,A,98475349,20251022,20251022,20260123,0,Emergency information instant transmission method and system based on Internet of things,,"The invention discloses an emergency information instant transmission method and system based on the Internet of things, which comprises the steps of calibrating a sensor network in real time based on a time synchronization algorithm to reduce time delay errors in the emergency information transmission process, filtering encrypted data based on an abnormal data identification and screening algorithm to remove invalid or erroneous data to ensure the accuracy of a diagnosis process, and packaging the calibrated time-stamped emergency data by adopting a layered encryption protocol to ensure the safety of patient privacy in the transmission process.",,,,H04L67/12;H04L51/04;H04L9/40;H04L9/32;H04J3/06,THE THIRD XIANGYA HOSPITAL OF CENTRAL SOUTH UNIV,,True,False
WO-2021067731-A2,US-2020053984-W,WO,A2,75336500,20201002,20191002,20210408,0,Situational awareness systems and methods,,"Systems and methods for computer-aided, session-based operational and organizational responses to asynchronously occurring events. A &#34;session&#34; is a collection of client-server connections, each client connection being an endpoint device in a pool of devices under the control of the members of a defined operational response team cooperating to address an event. The session provides an organizational framework for information sharing, including using context roles to identify the proper recipients for data and messages. The information and data is shared to participating recipients in the session in real-time as the operational,.response is conducted, and as new data and information is generated, that data is added to the session with a timestamp. Once the response is concluded, the sessions can be closed, encapsulating the data, which can then be &#34;played&#34; back to re-experience the response as it played out, such as for audit, analysis, and review purposes.",,,H04W4/90;H04L63/302;H04W4/38;H04W4/029,H04W4/90,COOLFIRE SOLUTIONS INC,US,False,True
CN-121354296-A,CN-202511921467-A,CN,A,98398408,20251218,20251218,20260116,0,Self-organizing earthquake early warning method based on emergency information release system,,"The invention discloses a self-organizing earthquake early warning method based on an emergency information release system, which particularly relates to the technical field of earthquake early warning, and comprises the steps of acquiring an initial feature vector of an earthquake event and broadcasting the initial feature vector to edge nodes, constructing a local propagation weight and a relay queue by each node based on received information, realizing multi-hop self-organizing propagation path construction, dynamically monitoring local receiving density and relay delay in a propagation process, identifying a signal attenuation area and triggering a cooperative relay request, dispatching available equipment by a central node to construct a temporary relay group, automatically deploying a hot spot communication protocol, improving the information coverage range and transmission reliability, finally constructing a complete propagation topological graph, and calculating response time stamps of each node to evaluate system performance.",,,,G08B31/00;G08B25/08;G08B21/10,Sichuan Seismic Station,,True,True
CN-119905223-A,CN-202510060414-A,CN,A,95469992,20250115,20250115,20250429,0,Emergency information processing method and system for multi-source data fusion,,"The application provides a method and a system for processing emergency information by multi-source data fusion. The method comprises the steps of obtaining multisource heterogeneous data flow, geographic position, time stamp and environment perception data through real-time acquisition, carrying out deep association matching and modeling on emergency events to obtain a dynamic emergency event situation model, evaluating and selecting the most suitable emergency resources according to the dynamic emergency event situation model by adopting a resource optimization algorithm to obtain an emergency resource allocation scheme and instant guidance information, updating the state of a patient based on the emergency resource allocation scheme and the instant guidance information, adjusting an emergency strategy and an optimized resource allocation path through geographic information system path planning analysis to obtain a dynamic adjusted emergency flow and an optimized path scheme, integrating various feedback data related to the dynamic adjusted emergency flow and the optimized path scheme, and carrying out post analysis to generate an optimized guide. The technical scheme provided by the application greatly improves the efficiency of first-aid information processing.",,,G16H50/50;G16H15/00;G06Q50/265;G06Q10/047;G16H40/40;G16H40/20,G16H50/50;G16H40/40;G16H15/00;G06Q50/26;G06Q10/047;G16H40/20,CSSC HAISHEN MEDICAL TECH CO LTD,,True,True
US-11228892-B2,US-202016988521-A,US,B2,69407158,20200807,20180322,20220118,20220118,Situational awareness systems and methods,,"Systems and methods for computer-aided, session-based operational and organizational responses to asynchronously occurring events. A “session” is a collection of client-server connections, each client connection being an endpoint device in a pool of devices under the control of the members of a defined operational response team cooperating to address an event. The session provides an organizational framework for information sharing, including using context roles to identify the proper recipients for data and messages. The information and data is shared to participating recipients in the session in real-time as the operational response is conducted, and as new data and information is generated, that data is added to the session with a timestamp. Once the response is concluded, the sessions can be closed, encapsulating the data, which can then be “played” back to re-experience the response as it played out, such as for audit, analysis, and review purposes.",,,H04W4/023;H04L67/53;H04L67/55;H04L67/52;H04W4/90;H04L67/146;H04L67/141;G06Q10/06311;H04L67/143;H04W4/029;H04W4/024;H04L67/306;H04W4/38;H04W4/025;H04L67/12;H04L67/26;H04L67/20;H04L67/18,H04W4/90;H04W4/024;H04W4/02;G06Q10/06;H04W4/38;H04M11/04;H04W4/029,COOLFIRE SOLUTIONS INC,US,False,True
CN-119966598-A,CN-202411940173-A,CN,A,95585306,20241226,20241226,20250509,0,First-aid record safe storage method and system based on blockchain technology,,"The application provides a first-aid record safe storage method and system based on a blockchain technology. The method comprises the steps of receiving emergency record data generated in an emergency event to obtain emergency record data containing time stamps and geographical position information, utilizing a hash algorithm to convert the emergency record data to construct an untampereable data packet to obtain a data packet containing emergency information authenticity and integrity evidence, automatically checking compliance and authority of the data packet through an intelligent contract to obtain the emergency record data packet which is allowed to be added into a blockchain network, utilizing a distributed consensus algorithm to synchronize among a plurality of nodes and introducing an under-chain computing mechanism to obtain emergency records which are safely and transparently saved under the condition of no centralized management, and providing an access control interface to enable related parties to inquire and verify the emergency records under the condition of following strict privacy protection rules, but not allowing unauthorized modification or deletion operation. The technical scheme provided by the application improves the safety, transparency and traceability of the emergency record.",,,,H04L67/1095;H04L9/40;H04L9/32;H04L9/00,CSSC HAISHEN MEDICAL TECH CO LTD,,True,False
KR-102618069-B1,KR-20230100677-A,KR,B1,89377789,20230801,20230801,20231227,20231227,Method and apparatus for analyasing indoor building disaster information using point cloud data and visual information from ground survey robot,지상조사 로봇의 점군 자료와 시각정보를 이용한 실내건물 재난정보 분석 방법 및 장치,"The present invention relates to a method for analyzing disaster information of a facility, which is performed by a computer device connected to a survey robot, includes the following steps of: moving a position of the survey robot to a first position for information analysis on the facility, using a sensor module provided in the survey robot, and including at least one of a lidar sensor, an Inertial Measurement Unit (IMU) sensor, and at least one vision sensor; acquiring sensing information corresponding to the first position based on Simultaneous Localization And Mapping (SLAM); identifying a facility segment of an indoor space based on the sensing information; in response to the facility segment, acquiring visual crack identification information analyzed from vision image information of the sensing information, and crack depth change information determined based on depth sensing information corresponding to the visual crack identification information; estimating and calculating the degree of damage to the facility segment, depending on whether a crack exists and the scale of the crack, which are acquired based on the visual crack identification information and the crack depth change information; and constituting facility information analysis result data of the facility segment based on the degree of damage, outputting the data to at least one device.","본 발명은 조사로봇과 연결된 컴퓨터 장치에 의해 실행되는 시설물의 재난정보 분석 방법에 있어서, 상기 조사로봇에 구비되며, 라이다 센서, IMU(Inertial Measurement Unit) 센서 및 하나 이상의 비전 센서 중 적어도 어느 하나를 포함하는 센서 모듈을 이용하여, 상기 시설물의 정보 분석을 위한 상기 조사로봇의 위치를 제1 위치로 이동시키는 단계; 상기 제1 위치에 대응하는 센싱 정보를 SLAM(Simultaneous Localization And Mapping) 기반으로 획득하는 단계; 상기 센싱 정보에 기초하여 실내 공간의 시설물 세그먼트를 식별하는 단계; 상기 시설물 세그먼트에 대응하여, 상기 센싱 정보의 비전 영상 정보로부터 분석되는 시각적 크랙 식별 정보와, 상기 시각적 크랙 식별 정보에 대응하는 깊이 센싱 정보에 의해 판별되는 크랙 깊이 변화 정보를 획득하는 단계; 상기 시각적 크랙 식별 정보 및 상기 크랙 깊이 변화 정보에 기초하여 획득되는 크랙의 유무 및 크랙의 규모에 따라, 상기 시설물 세그먼트의 손상 정도를 추정 연산하는 단계; 및 상기 손상 정도에 기초한 상기 시설물 세그먼트의 시설물 정보 분석 결과 데이터를 구성하여, 하나 이상의 디바이스로 출력하는 단계를 포함한다.",,G01N21/8851;B25J5/007;G01B11/02;G01B11/22;G06N3/08;G06Q50/10;G06T7/0004;G06T7/11;G06T7/55;G06T7/90;G01N2021/8864,G01N21/88;B25J5/00;G01B11/02;G01B11/22;G06N3/08;G06Q50/10;G06T7/00;G06T7/11;G06T7/55;G06T7/90,NAT DISASTER MANAGEMENT RES INST,KR,True,False
US-10652723-B2,US-201916670535-A,US,B2,69407158,20191031,20180322,20200512,20200512,Situational awareness systems and methods,,"Systems and methods for computer-aided, session-based operational and organizational responses to asynchronously occurring events. A “session” is a collection of client-server connections, each client connection being an endpoint device in a pool of devices under the control of the members of a defined operational response team cooperating to address an event. The session provides an organizational framework for information sharing, including using context roles to identify the proper recipients for data and messages. The information and data is shared to participating recipients in the session in real-time as the operational response is conducted, and as new data and information is generated, that data is added to the session with a timestamp. Once the response is concluded, the sessions can be closed, encapsulating the data, which can then be “played” back to re-experience the response as it played out, such as for audit, analysis, and review purposes.",,,H04W4/90;H04L67/146;H04W4/029;H04W4/023;H04W4/38;H04L67/143;H04W4/025;H04W4/024;G06Q10/06311;H04L67/12;H04L67/306;H04L67/141;H04L67/26;H04L67/20;H04L67/18;H04L67/53;H04L67/55;H04L67/52,H04L29/08;H04W4/90;H04W4/024;H04M11/04;H04W4/029;H04W4/38;G06Q10/06;H04W4/02,COOLFIRE SOLUTIONS INC,US,False,True
US-12089130-B2,US-202117556605-A,US,B2,69407158,20211220,20180322,20240910,20240910,Situational awareness systems and methods,,"Systems and methods for computer-aided, session-based operational and organizational responses to asynchronously occurring events. A “session” is a collection of client-server connections, each client connection being an endpoint device in a pool of devices under the control of the members of a defined operational response team cooperating to address an event. The session provides an organizational framework for information sharing, including using context roles to identify the proper recipients for data and messages. The information and data is shared to participating recipients in the session in real-time as the operational response is conducted, and as new data and information is generated, that data is added to the session with a timestamp. Once the response is concluded, the sessions can be closed, encapsulating the data, which can then be “played” back to re-experience the response as it played out, such as for audit, analysis, and review purposes.",,,H04L67/55;H04L67/53;H04L67/52;H04L67/12;G06Q10/06311;H04L67/306;H04W4/38;H04W4/024;H04W4/023;H04W4/029;H04L67/143;H04L67/141;H04L67/146;H04W4/025;H04W4/90,H04W4/38;H04W4/029;H04W4/024;H04W4/02;H04L67/55;H04L67/53;H04L67/52;H04L67/306;H04L67/12;G06Q10/0631;H04W4/90,COOLFIRE SOLUTIONS INC,US,False,True
US-2022383256-A1,US-202117331607-A,US,A1,82019503,20210526,20210526,20221201,0,Post-vehicular incident reconstruction report,,"The disclosure herein describes systems and methods for generating a post-vehicular incident report. In some examples, the system includes receiving a notification from a user device indicating the user device has been involved in an incident, obtaining incident data from the user device that includes a timestamp and location data, retrieving third-party incident data corresponding to the timestamp and the location data received in the incident data, generating a timeline of the incident based on the obtained incident data from the user device and the retrieved third-party incident data, the generated timeline including events occurring prior to the incident and events occurring after the incident, generating a report of the incident based on the generated timeline, the obtained incident data, and the retrieved third-party incident data, the report including the timeline, and outputting the generated report to the user device and at least one of a plurality of approved devices.",,,G06Q10/10;G06F16/93;G07C5/0841;G06Q50/26;G06Q40/08;G07C5/008;G06Q50/40,G06Q10/10;G06F16/93,MICROSOFT TECHNOLOGY LICENSING LLC,US,False,True
US-2025259530-A1,US-202418895668-A,US,A1,96659901,20240925,20240209,20250814,0,Alarm platform with aggregated alarm events,,"A method comprises receiving, by a first computing device, a plurality of events, each event including a timestamp and an indicator that corresponds with a location where the corresponding event occurred. The method comprises generating a list of events that occurred at a particular location. The method comprises chronologically ordering the list of events that occurred at the particular location, thereby producing a chronologically ordered list of events. The method comprises allocating the events in the chronologically ordered list into a plurality of alarm incidents, a particular one of the alarm incidents having allocated thereto events that occurred at the particular location. The method comprises receiving, from a second computing device via a network connection, a request for one or more alarm incidents for the particular location. The method comprises after receiving the request, sending, to the second computing device, via the network connection, the particular alarm incident.",,,G08B25/14;G08B25/001;H04W4/029,H04W4/029;G08B25/00;G08B25/14,SIMPLISAFE INC,US,False,True
CN-114707616-A,CN-202210476467-A,CN,A,82177537,20220429,20220429,20220705,0,"Method, device and equipment for identifying incidental relationship between tracks",,"The application provides a method, a device and equipment for identifying an association relationship between tracks. For any two target tracks, connecting the track starting points of the two target tracks, and connecting the track ending points of the two target tracks to form a closed track line containing the two target tracks; the method comprises the steps of determining the total area and the total perimeter of a closed area surrounded by closed trajectory lines, determining the similar distance between two target trajectories according to the ratio of the total area to the total perimeter, determining the average time difference of the two target trajectories according to the time stamps of trajectory points in trajectory point sequences of the two target trajectories, determining whether the two target trajectories have an accompanying relation or not according to the similar distance and the average time difference of the two target trajectories and combining two aspects of space similarity and time similarity, accurately identifying whether the two trajectories have the accompanying relation or not, and improving the efficiency of accompanying analysis.",,,G06F18/22;G06F18/24;G06F16/2465;G06F16/215;G06F16/29,G06F16/29;G06F16/2458;G06F16/215;G06K9/62,ALIBABA CLOUD COMPUTING LTD,,False,True
CN-119966598-B,CN-202411940173-A,CN,B,95585306,20241226,20241226,20251028,20251028,First-aid record safe storage method and system based on blockchain technology,,"The application provides a first-aid record safe storage method and system based on a blockchain technology. The method comprises the steps of receiving emergency record data generated in an emergency event to obtain emergency record data containing time stamps and geographical position information, utilizing a hash algorithm to convert the emergency record data to construct an untampereable data packet to obtain a data packet containing emergency information authenticity and integrity evidence, automatically checking compliance and authority of the data packet through an intelligent contract to obtain the emergency record data packet which is allowed to be added into a blockchain network, utilizing a distributed consensus algorithm to synchronize among a plurality of nodes and introducing an under-chain computing mechanism to obtain emergency records which are safely and transparently saved under the condition of no centralized management, and providing an access control interface to enable related parties to inquire and verify the emergency records under the condition of following strict privacy protection rules, but not allowing unauthorized modification or deletion operation. The technical scheme provided by the application improves the safety, transparency and traceability of the emergency record.",,,,H04L67/1095;H04L9/40;H04L9/32;H04L9/00,,,True,False
